timeStamp,elapsed,label,responseCode,responseMessage,threadName,dataType,success,failureMessage,bytes,sentBytes,grpThreads,allThreads,URL,Latency,IdleTime,Connect
1723312156029,531,HTTP Request,422,Unprocessable Entity,jp@gc - Ultimate Thread Group 1-4,text,false,,461,119,10,10,https://api.genderize.io,531,0,398
1723312156029,531,HTTP Request,422,Unprocessable Entity,jp@gc - Ultimate Thread Group 1-7,text,false,,461,119,10,10,https://api.genderize.io,531,0,398
1723312156029,531,HTTP Request,422,Unprocessable Entity,jp@gc - Ultimate Thread Group 1-6,text,false,,461,119,10,10,https://api.genderize.io,531,0,398
1723312156029,533,HTTP Request,422,Unprocessable Entity,jp@gc - Ultimate Thread Group 1-5,text,false,,461,119,10,10,https://api.genderize.io,533,0,401
1723312156029,533,HTTP Request,422,Unprocessable Entity,jp@gc - Ultimate Thread Group 1-9,text,false,,461,119,10,10,https://api.genderize.io,533,0,399
1723312156029,535,HTTP Request,422,Unprocessable Entity,jp@gc - Ultimate Thread Group 1-8,text,false,,461,119,10,10,https://api.genderize.io,535,0,402
1723312156029,547,HTTP Request,422,Unprocessable Entity,jp@gc - Ultimate Thread Group 1-10,text,false,,461,119,10,10,https://api.genderize.io,547,0,410
1723312156029,559,HTTP Request,422,Unprocessable Entity,jp@gc - Ultimate Thread Group 1-3,text,false,,461,119,10,10,https://api.genderize.io,559,0,418
1723312156029,561,HTTP Request,422,Unprocessable Entity,jp@gc - Ultimate Thread Group 1-1,text,false,,461,119,10,10,https://api.genderize.io,561,0,420
1723312156029,567,HTTP Request,422,Unprocessable Entity,jp@gc - Ultimate Thread Group 1-2,text,false,,461,119,10,10,https://api.genderize.io,567,0,423
1723312156562,526,HTTP Request,422,Unprocessable Entity,jp@gc - Ultimate Thread Group 1-5,text,false,,461,119,10,10,https://api.genderize.io,526,0,394
1723312156562,528,HTTP Request,422,Unprocessable Entity,jp@gc - Ultimate Thread Group 1-9,text,false,,461,119,10,10,https://api.genderize.io,528,0,397
1723312156565,531,HTTP Request,422,Unprocessable Entity,jp@gc - Ultimate Thread Group 1-8,text,false,,461,119,10,10,https://api.genderize.io,531,0,397
1723312156561,539,HTTP Request,422,Unprocessable Entity,jp@gc - Ultimate Thread Group 1-6,text,false,,461,119,10,10,https://api.genderize.io,539,0,403
1723312156590,524,HTTP Request,422,Unprocessable Entity,jp@gc - Ultimate Thread Group 1-1,text,false,,461,119,10,10,https://api.genderize.io,524,0,392
1723312156576,538,HTTP Request,422,Unprocessable Entity,jp@gc - Ultimate Thread Group 1-10,text,false,,461,119,10,10,https://api.genderize.io,538,0,402
1723312156561,558,HTTP Request,422,Unprocessable Entity,jp@gc - Ultimate Thread Group 1-4,text,false,,461,119,10,10,https://api.genderize.io,558,0,419
1723312156588,531,HTTP Request,422,Unprocessable Entity,jp@gc - Ultimate Thread Group 1-3,text,false,,461,119,10,10,https://api.genderize.io,531,0,399
1723312156561,563,HTTP Request,422,Unprocessable Entity,jp@gc - Ultimate Thread Group 1-7,text,false,,461,119,10,10,https://api.genderize.io,563,0,422
1723312156596,540,HTTP Request,422,Unprocessable Entity,jp@gc - Ultimate Thread Group 1-2,text,false,,461,119,10,10,https://api.genderize.io,540,0,406
1723312157089,527,HTTP Request,422,Unprocessable Entity,jp@gc - Ultimate Thread Group 1-5,text,false,,461,119,10,10,https://api.genderize.io,527,0,395
1723312157096,540,HTTP Request,422,Unprocessable Entity,jp@gc - Ultimate Thread Group 1-8,text,false,,461,119,10,10,https://api.genderize.io,540,0,402
1723312157100,540,HTTP Request,422,Unprocessable Entity,jp@gc - Ultimate Thread Group 1-6,text,false,,461,119,10,10,https://api.genderize.io,540,0,404
1723312157114,528,HTTP Request,422,Unprocessable Entity,jp@gc - Ultimate Thread Group 1-1,text,false,,461,119,10,10,https://api.genderize.io,528,0,397
1723312157114,528,HTTP Request,422,Unprocessable Entity,jp@gc - Ultimate Thread Group 1-10,text,false,,461,119,10,10,https://api.genderize.io,528,0,397
1723312157119,526,HTTP Request,422,Unprocessable Entity,jp@gc - Ultimate Thread Group 1-4,text,false,,461,119,10,10,https://api.genderize.io,526,0,395
1723312157119,526,HTTP Request,422,Unprocessable Entity,jp@gc - Ultimate Thread Group 1-3,text,false,,461,119,10,10,https://api.genderize.io,526,0,395
1723312157090,562,HTTP Request,422,Unprocessable Entity,jp@gc - Ultimate Thread Group 1-9,text,false,,461,119,10,10,https://api.genderize.io,562,0,421
1723312157136,532,HTTP Request,422,Unprocessable Entity,jp@gc - Ultimate Thread Group 1-2,text,false,,461,119,10,10,https://api.genderize.io,532,0,398
1723312157124,564,HTTP Request,422,Unprocessable Entity,jp@gc - Ultimate Thread Group 1-7,text,false,,461,119,10,10,https://api.genderize.io,564,0,420
1723312157616,526,HTTP Request,422,Unprocessable Entity,jp@gc - Ultimate Thread Group 1-5,text,false,,461,119,10,10,https://api.genderize.io,526,0,395
1723312157636,532,HTTP Request,422,Unprocessable Entity,jp@gc - Ultimate Thread Group 1-8,text,false,,461,119,10,10,https://api.genderize.io,532,0,398
1723312157642,528,HTTP Request,422,Unprocessable Entity,jp@gc - Ultimate Thread Group 1-10,text,false,,461,119,10,10,https://api.genderize.io,528,0,398
1723312157646,525,HTTP Request,422,Unprocessable Entity,jp@gc - Ultimate Thread Group 1-4,text,false,,461,119,10,10,https://api.genderize.io,525,0,394
1723312157646,529,HTTP Request,422,Unprocessable Entity,jp@gc - Ultimate Thread Group 1-3,text,false,,461,119,10,10,https://api.genderize.io,529,0,396
1723312157652,532,HTTP Request,422,Unprocessable Entity,jp@gc - Ultimate Thread Group 1-9,text,false,,461,119,10,10,https://api.genderize.io,532,0,397
1723312157640,552,HTTP Request,422,Unprocessable Entity,jp@gc - Ultimate Thread Group 1-6,text,false,,461,119,10,10,https://api.genderize.io,552,0,416
1723312157668,532,HTTP Request,422,Unprocessable Entity,jp@gc - Ultimate Thread Group 1-2,text,false,,461,119,10,10,https://api.genderize.io,532,0,397
1723312157642,570,HTTP Request,422,Unprocessable Entity,jp@gc - Ultimate Thread Group 1-1,text,false,,461,119,10,10,https://api.genderize.io,570,0,425
1723312157688,532,HTTP Request,422,Unprocessable Entity,jp@gc - Ultimate Thread Group 1-7,text,false,,461,119,10,10,https://api.genderize.io,532,0,398
1723312158143,524,HTTP Request,422,Unprocessable Entity,jp@gc - Ultimate Thread Group 1-5,text,false,,461,119,10,10,https://api.genderize.io,524,0,393
1723312158170,529,HTTP Request,422,Unprocessable Entity,jp@gc - Ultimate Thread Group 1-10,text,false,,461,119,10,10,https://api.genderize.io,529,0,397
1723312158168,531,HTTP Request,422,Unprocessable Entity,jp@gc - Ultimate Thread Group 1-8,text,false,,461,119,10,10,https://api.genderize.io,531,0,399
1723312158184,526,HTTP Request,422,Unprocessable Entity,jp@gc - Ultimate Thread Group 1-9,text,false,,461,119,10,10,https://api.genderize.io,526,0,391
1723312158192,532,HTTP Request,422,Unprocessable Entity,jp@gc - Ultimate Thread Group 1-6,text,false,,461,119,10,10,https://api.genderize.io,532,0,397
1723312158175,564,HTTP Request,422,Unprocessable Entity,jp@gc - Ultimate Thread Group 1-3,text,false,,461,119,10,10,https://api.genderize.io,564,0,421
1723312158172,567,HTTP Request,422,Unprocessable Entity,jp@gc - Ultimate Thread Group 1-4,text,false,,461,119,10,10,https://api.genderize.io,567,0,425
1723312158220,530,HTTP Request,422,Unprocessable Entity,jp@gc - Ultimate Thread Group 1-7,text,false,,461,119,10,10,https://api.genderize.io,530,0,394
1723312158212,572,HTTP Request,422,Unprocessable Entity,jp@gc - Ultimate Thread Group 1-1,text,false,,461,119,10,10,https://api.genderize.io,572,0,417
1723312158200,586,HTTP Request,422,Unprocessable Entity,jp@gc - Ultimate Thread Group 1-2,text,false,,461,119,10,10,https://api.genderize.io,586,0,429
1723312158667,533,HTTP Request,422,Unprocessable Entity,jp@gc - Ultimate Thread Group 1-5,text,false,,461,119,10,10,https://api.genderize.io,533,0,397
1723312158699,525,HTTP Request,422,Unprocessable Entity,jp@gc - Ultimate Thread Group 1-10,text,false,,461,119,10,10,https://api.genderize.io,525,0,393
1723312158699,528,HTTP Request,422,Unprocessable Entity,jp@gc - Ultimate Thread Group 1-8,text,false,,461,119,10,10,https://api.genderize.io,528,0,393
1723312158711,529,HTTP Request,422,Unprocessable Entity,jp@gc - Ultimate Thread Group 1-9,text,false,,461,119,10,10,https://api.genderize.io,529,0,397
1723312158724,528,HTTP Request,422,Unprocessable Entity,jp@gc - Ultimate Thread Group 1-6,text,false,,461,119,10,10,https://api.genderize.io,528,0,396
1723312158739,523,HTTP Request,422,Unprocessable Entity,jp@gc - Ultimate Thread Group 1-4,text,false,,461,119,10,10,https://api.genderize.io,523,0,389
1723312158739,537,HTTP Request,422,Unprocessable Entity,jp@gc - Ultimate Thread Group 1-3,text,false,,461,119,10,10,https://api.genderize.io,537,0,400
1723312158750,534,HTTP Request,422,Unprocessable Entity,jp@gc - Ultimate Thread Group 1-7,text,false,,461,119,10,10,https://api.genderize.io,534,0,400
1723312158785,535,HTTP Request,422,Unprocessable Entity,jp@gc - Ultimate Thread Group 1-1,text,false,,461,119,10,10,https://api.genderize.io,535,0,402
1723312158786,582,HTTP Request,422,Unprocessable Entity,jp@gc - Ultimate Thread Group 1-2,text,false,,461,119,10,10,https://api.genderize.io,582,0,436
1723312159201,527,HTTP Request,422,Unprocessable Entity,jp@gc - Ultimate Thread Group 1-5,text,false,,461,119,10,10,https://api.genderize.io,527,0,394
1723312159224,533,HTTP Request,422,Unprocessable Entity,jp@gc - Ultimate Thread Group 1-10,text,false,,461,119,10,10,https://api.genderize.io,533,0,400
1723312159252,528,HTTP Request,422,Unprocessable Entity,jp@gc - Ultimate Thread Group 1-6,text,false,,461,119,10,10,https://api.genderize.io,528,0,393
1723312159228,565,HTTP Request,422,Unprocessable Entity,jp@gc - Ultimate Thread Group 1-8,text,false,,461,119,10,10,https://api.genderize.io,565,0,423
1723312159240,568,HTTP Request,422,Unprocessable Entity,jp@gc - Ultimate Thread Group 1-9,text,false,,461,119,10,10,https://api.genderize.io,568,0,423
1723312159290,534,HTTP Request,422,Unprocessable Entity,jp@gc - Ultimate Thread Group 1-7,text,false,,461,119,10,10,https://api.genderize.io,534,0,400
1723312159262,570,HTTP Request,422,Unprocessable Entity,jp@gc - Ultimate Thread Group 1-4,text,false,,461,119,10,10,https://api.genderize.io,570,0,427
1723312159276,564,HTTP Request,422,Unprocessable Entity,jp@gc - Ultimate Thread Group 1-3,text,false,,461,119,10,10,https://api.genderize.io,564,0,423
1723312159320,552,HTTP Request,422,Unprocessable Entity,jp@gc - Ultimate Thread Group 1-1,text,false,,461,119,10,10,https://api.genderize.io,552,0,414
1723312159368,528,HTTP Request,422,Unprocessable Entity,jp@gc - Ultimate Thread Group 1-2,text,false,,461,119,10,10,https://api.genderize.io,528,0,396
1723312159780,158,HTTP Request,Non HTTP response code: java.net.SocketException,Non HTTP response message: Socket closed,jp@gc - Ultimate Thread Group 1-6,text,false,,3188,0,10,10,https://api.genderize.io,0,0,158
1723312159808,130,HTTP Request,Non HTTP response code: java.net.SocketException,Non HTTP response message: Socket operation on nonsocket: connect,jp@gc - Ultimate Thread Group 1-9,text,false,,2665,0,10,10,https://api.genderize.io,0,0,130
1723312159840,98,HTTP Request,Non HTTP response code: java.net.SocketException,Non HTTP response message: Socket operation on nonsocket: connect,jp@gc - Ultimate Thread Group 1-3,text,false,,2665,0,10,10,https://api.genderize.io,0,0,98
1723312159872,67,HTTP Request,Non HTTP response code: java.net.SocketException,Non HTTP response message: Socket operation on nonsocket: connect,jp@gc - Ultimate Thread Group 1-1,text,false,,2665,0,11,11,https://api.genderize.io,0,0,67
1723312159832,107,HTTP Request,Non HTTP response code: java.net.SocketException,Non HTTP response message: Socket operation on nonsocket: connect,jp@gc - Ultimate Thread Group 1-4,text,false,,2665,0,10,10,https://api.genderize.io,0,0,107
1723312159896,44,HTTP Request,Non HTTP response code: java.net.SocketException,Non HTTP response message: Socket operation on nonsocket: connect,jp@gc - Ultimate Thread Group 1-2,text,false,,2665,0,5,5,https://api.genderize.io,0,0,44
1723312159796,145,HTTP Request,Non HTTP response code: java.net.SocketException,Non HTTP response message: Socket closed,jp@gc - Ultimate Thread Group 1-8,text,false,,3188,0,5,5,https://api.genderize.io,0,0,145
1723312159824,117,HTTP Request,Non HTTP response code: java.net.SocketException,Non HTTP response message: Socket operation on nonsocket: connect,jp@gc - Ultimate Thread Group 1-7,text,false,,2665,0,4,4,https://api.genderize.io,0,0,117
1723312159757,185,HTTP Request,Non HTTP response code: java.net.SocketException,Non HTTP response message: Socket closed,jp@gc - Ultimate Thread Group 1-10,text,false,,3188,0,4,4,https://api.genderize.io,0,0,185
1723312159728,214,HTTP Request,Non HTTP response code: java.net.SocketException,Non HTTP response message: Socket closed,jp@gc - Ultimate Thread Group 1-5,text,false,,3188,0,2,2,https://api.genderize.io,0,0,214
